xPos,yPos
4.60109655443729,-1.95701571193112
-0.332709547555242,-2.7679148104269
4.42583902158045,-1.232917899949
1.1093924525137,-4.97473325543161
0.00840326417224069,-0.0974570886398176
-3.03063188865803,3.87296673506741
1.96609037483767,3.69195120676553
-2.42079776316498,1.29294881730203
2.57648622337975,1.45772975619862
-2.00870482279748,-0.536267001586163
