freq,amp,phase
0.1,1.53846153846154,2.40838320041678
0.15,1.53846153846154,0.777055394278273
0.25,1.53846153846154,1.57671781442845
0.35,1.53846153846154,-0.949399717575294
0.55,1.53846153846154,-1.44558569005382
0.65,1.53846153846154,2.48742646948442
0.85,1.17647058823529,-0.451816379257446
0.95,1.05263157894737,2.9206761544314
