freq,amp,phase
0.1,1.53846153846154,2.877004768153
0.15,1.53846153846154,0.208383631250885
0.25,1.53846153846154,1.20559946315764
0.35,1.53846153846154,-1.159149476667
0.55,1.53846153846154,1.17181988858429
0.65,1.53846153846154,2.10251510507067
0.85,1.17647058823529,-3.02668401808714
0.95,1.05263157894737,1.57170308433672
