freq,amp,phase
0.1,1.53846153846154,-2.26649355490619
0.15,1.53846153846154,1.93139642877468
0.25,1.53846153846154,-0.642915394436637
0.35,1.53846153846154,-2.1026415917842
0.55,1.53846153846154,2.68611563103756
0.65,1.53846153846154,-0.95651531329815
0.85,1.17647058823529,1.5758989212879
0.95,1.05263157894737,1.41998722100614
