freq,amp,phase
0.1,1.53846153846154,3.0716048110691
0.15,1.53846153846154,1.55927079334601
0.25,1.53846153846154,-1.37951108316393
0.35,1.53846153846154,1.81759562619717
0.55,1.53846153846154,-2.49300452574233
0.65,1.53846153846154,-0.32739463074049
0.85,1.17647058823529,2.56728126161419
0.95,1.05263157894737,-1.29676055054824
