freq,amp,phase
0.1,1.53846153846154,-2.82772581429694
0.15,1.53846153846154,0.225543770228897
0.25,1.53846153846154,1.02915210823967
0.35,1.53846153846154,0.0935510501217148
0.55,1.53846153846154,2.79347123849057
0.65,1.53846153846154,0.543841358744456
0.85,1.17647058823529,2.53464898702493
0.95,1.05263157894737,-2.27781361238929
