freq,amp,phase
0.1,1.53846153846154,-0.648629089136893
0.15,1.53846153846154,0.243892732762591
0.25,1.53846153846154,-0.50771583984073
0.35,1.53846153846154,1.16376844349606
0.55,1.53846153846154,-1.85698128205691
0.65,1.53846153846154,2.37578192072
0.85,1.17647058823529,-2.96951133040957
0.95,1.05263157894737,1.07107895530442
