freq,amp,phase
0.1,1.53846153846154,0.46569464983075
0.15,1.53846153846154,-2.21966982759821
0.25,1.53846153846154,0.5611232373205
0.35,1.53846153846154,1.2551187926698
0.55,1.53846153846154,-2.49860647396018
0.65,1.53846153846154,-0.540002154572152
0.85,1.17647058823529,1.22145221474836
0.95,1.05263157894737,-0.539227552759985
