freq,amp,phase
0.1,1.53846153846154,-0.51958925074118
0.15,1.53846153846154,0.368759067771237
0.25,1.53846153846154,-2.2595155036883
0.35,1.53846153846154,-1.89688428804129
0.55,1.53846153846154,1.88963385511619
0.65,1.53846153846154,2.94217425247688
0.85,1.17647058823529,-1.1722904624648
0.95,1.05263157894737,1.20839863301178
